education,avg_job_satisfaction
Bachelor's Degree,2.5221238938053097
Master's Degree,2.8450704225352113
Doctoral Degree,2.9000000000000000
High School,3.0810810810810811
Associates Degree,3.1086956521739130
