department,avg_job_satisfaction
HR,2.6031746031746032
R&D,2.7263267429760666
Sales,2.7511210762331839
